<config>
 <Rev2008>
  <kicker>
   <m value="71.17"/>
   <b value="-2.7"/>
  </kicker>
  <trapTrans>
   <velocity value="10"/>
   <acceleration value="2.5"/>
   <deceleration value="0"/>
  </trapTrans>
  <trapRot>
   <velocity value="0"/>
   <acceleration value="0"/>
   <deceleration value="0"/>
  </trapRot>
  <translation>
   <p value="5"/>
   <i value="0"/>
   <d value="30"/>
  </translation>
  <rotation>
   <p value="2"/>
   <i value="0"/>
   <d value="0"/>
  </rotation>
  <wheel>
   <p value="1"/>
   <i value="1.5"/>
   <d value="0"/>
  </wheel>
  <wheelAlpha value="0.1"/>
  <test value="1"/>
 </Rev2008>
 <RobotModel>
  <Position>
   <Alpha value="1"/>
   <Beta value="0.1"/>
   <Gamma value="0"/>
  </Position>
  <Angle>
   <Alpha value="1"/>
   <Beta value="0.3"/>
   <Gamma value="0"/>
  </Angle>
 </RobotModel>
 <rbpfModelBallRolling>
  <Process_Noise_Position value="0.05"/>
  <Process_Noise_Velocity value="1"/>
  <Process_Noise_Acceleration value="1"/>
  <Measurement_Noise_Position value="0.01"/>
 </rbpfModelBallRolling>
 <rbpfModelBallKicked>
  <Process_Noise_Position value="0.2"/>
  <Process_Noise_Velocity value="1"/>
  <Process_Noise_Acceleration value="10"/>
  <Measurement_Noise_Position value="0.01"/>
 </rbpfModelBallKicked>
 <Rev2011>
  <trapTrans>
   <velocity value="2.6"/>
   <acceleration value="3.5"/>
   <deceleration value="2.5"/>
  </trapTrans>
  <trapRot>
   <velocity value="0"/>
   <acceleration value="0"/>
   <deceleration value="0"/>
  </trapRot>
  <translation>
   <p value="5"/>
   <i value="0"/>
   <d value="40"/>
  </translation>
  <rotation>
   <p value="5"/>
   <i value="0"/>
   <d value="0"/>
  </rotation>
  <kicker>
   <m value="1"/>
   <b value="0"/>
  </kicker>
  <wheel>
   <p value="0"/>
   <i value="0"/>
   <d value="0"/>
  </wheel>
  <wheelAlpha value="1"/>
  <test value="0"/>
 </Rev2011>
 <Is2011>
  <item0 value="false"/>
  <item1 value="false"/>
  <item2 value="false"/>
  <item3 value="true"/>
  <item4 value="false"/>
  <item5 value="false"/>
  <item6 value="false"/>
  <item7 value="false"/>
  <item8 value="false"/>
  <item9 value="false"/>
  <item10 value="false"/>
  <item11 value="true"/>
  <item12 value="false"/>
  <item13 value="false"/>
  <item14 value="false"/>
  <item15 value="false"/>
 </Is2011>
</config>
