<config>
 <Fling>
  <Spin_Angular_Speed value="2"/>
  <Ball_Travel_Threshold value="0.5"/>
  <Pivot_Speed value="1.5708"/>
 </Fling>
 <DemoYankChip>
  <Backup_Distance value="0.4"/>
  <Dribber_Speed value="127"/>
  <Enable_Aiming value="true"/>
 </DemoYankChip>
 <PivotKick>
  <Aim_Speed value="1.5708"/>
  <Kick_Completed_Threshold value="0.5"/>
  <Initial_Accuracy value="0.984808"/>
  <Accuracy_Delta value="0"/>
  <Fire_Now_Threshold value="0.99863"/>
 </PivotKick>
 <YankChip>
  <Ball_Travel_Threshold value="0.5"/>
  <Ball_Max_Trajectory_Error value="0.3"/>
  <Chip_Complete_Distance value="0.5"/>
  <Min_Ball_Velocity value="0.2"/>
  <Max_Yank_Dist value="0.2"/>
 </YankChip>
 <Yank>
  <Ball_Travel_Threshold value="0.5"/>
  <Ball_Max_Trajectory_Error value="0.3"/>
  <Backup_Distance value="0.5"/>
  <Ball_Clearance value="0.2115"/>
  <Bump_Travel_Distance value="0.3"/>
 </Yank>
 <Capture>
  <Ball_Speed_Threshold value="0.5"/>
  <Approach_Distance value="0.1"/>
  <Approach_Clearance value="0.05"/>
  <Approach_Threshold value="0.19"/>
  <Capture_Speed value="0.3"/>
  <Capture_Time_Threshold value="50000"/>
  <Capture_Decel value="0.8"/>
  <Has_Ball_Distance value="0.1"/>
  <Pivot_Speed value="1.5708"/>
  <Dribbler_Speed value="105"/>
 </Capture>
 <Rev2008>
  <trapTrans>
   <velocity value="0"/>
   <acceleration value="0"/>
   <predictTime value="0"/>
   <responseTime value="0"/>
  </trapTrans>
  <trapRot>
   <velocity value="0"/>
   <acceleration value="0"/>
   <predictTime value="0"/>
   <responseTime value="0"/>
  </trapRot>
  <translation>
   <p value="0"/>
   <i value="0"/>
   <d value="0"/>
  </translation>
  <rotation>
   <p value="0"/>
   <i value="0"/>
   <d value="0"/>
  </rotation>
  <wheel>
   <p value="0"/>
   <i value="0"/>
   <d value="0"/>
  </wheel>
  <kicker>
   <m value="1"/>
   <b value="0"/>
  </kicker>
 </Rev2008>
 <Rev2011>
  <trapTrans>
   <velocity value="2"/>
   <acceleration value="0.5"/>
   <predictTime value="0"/>
   <responseTime value="0.2"/>
  </trapTrans>
  <trapRot>
   <velocity value="0"/>
   <acceleration value="0"/>
   <predictTime value="0"/>
   <responseTime value="0"/>
  </trapRot>
  <translation>
   <p value="2"/>
   <i value="0"/>
   <d value="0"/>
  </translation>
  <rotation>
   <p value="2"/>
   <i value="0"/>
   <d value="0"/>
  </rotation>
  <wheel>
   <p value="0"/>
   <i value="0"/>
   <d value="0"/>
  </wheel>
  <kicker>
   <m value="1"/>
   <b value="0"/>
  </kicker>
 </Rev2011>
 <DemoFling>
  <Dribber_Speed value="127"/>
 </DemoFling>
 <DemoYank>
  <Dribber_Speed value="127"/>
  <Enable_Bump value="false"/>
 </DemoYank>
 <DemoAttack>
  <Enable_Chipping value="true"/>
  <Dribber_Speed value="127"/>
  <Kicker_Power value="127"/>
  <Minimum_Chip_Range value="0.4"/>
  <Maximum_Chip_Range value="2.5"/>
  <Enable_LineKick value="true"/>
  <Calculate_Chip_Power value="true"/>
 </DemoAttack>
 <Bump>
  <Drive_Around_Dist value="0.35"/>
  <Charge_Thresh value="0.05"/>
  <Escape_Charge_Thresh value="0.1"/>
  <Setup_Ball_Avoid value="0.043"/>
  <Bump_Complete_Distance value="0.5"/>
  <Face_Ball_otherwise_target value="true"/>
  <Accel_Bias value="0.1"/>
  <Facing_Thresh_-_Deg value="10"/>
 </Bump>
 <LineKick>
  <Drive_Around_Dist value="0.15"/>
  <Charge_Thresh value="0.1"/>
  <Escape_Charge_Thresh value="0.1"/>
  <Setup_Ball_Avoid value="0.08"/>
  <Face_Ball_otherwise_target value="true"/>
  <Accel_Bias value="0.2"/>
  <Facing_Thresh_-_Deg value="10"/>
  <Max_Charge_Speed value="2"/>
  <Ball_Project_Time value="0.3"/>
  <Ball_Project_Dampening value="0.8"/>
 </LineKick>
 <Kickoff>
  <Enable_Random_Kick_Mode value="false"/>
  <Enable_Flinging value="false"/>
  <Enable_Chipping value="false"/>
  <Enable_BumpYank value="false"/>
  <Chip_Min_Range value="0.3"/>
  <Chip_Max_Range value="2"/>
 </Kickoff>
 <BasicOffense121>
  <Hystersis_Coeff value="0.5"/>
  <Support_Backoff_Dist value="1.5"/>
  <Mark_Hystersis_Coeff value="0.9"/>
  <Support_Avoid_Teammate_Dist value="0.5"/>
  <Support_Avoid_Shot value="0.2"/>
  <Offense_Support_Ratio value="0.7"/>
  <Defense_Support_Ratio value="0.9"/>
 </BasicOffense121>
 <BasicOffense112>
  <Hystersis_Coeff value="0.5"/>
  <Support_Backoff_Dist value="1.5"/>
  <Mark_Hystersis_Coeff value="0.9"/>
  <Support_Avoid_Teammate_Dist value="0.5"/>
  <Support_Avoid_Shot value="0.2"/>
  <Offense_Support_Ratio value="0.7"/>
  <Defense_Support_Ratio value="0.9"/>
  <Enable_Line_Kick value="true"/>
 </BasicOffense112>
 <OurFreekick>
  <Enable_GoalLine_Shot value="true"/>
  <Enable_Left_Downfield_Shot value="true"/>
  <Enable_Right_Downfield_Shot value="true"/>
  <Enable_Chipper value="true"/>
  <Min_Chip_Range value="0.3"/>
  <Max_Chip_Range value="2"/>
 </OurFreekick>
 <Robot_Statuses>
  <Robot_0>
   <Chipper_Enabled value="true"/>
   <Kicker_Enabled value="true"/>
   <Ball_Sense_Enabled value="true"/>
   <Dribbler_Enabled value="true"/>
  </Robot_0>
  <Robot_1>
   <Chipper_Enabled value="true"/>
   <Kicker_Enabled value="true"/>
   <Ball_Sense_Enabled value="true"/>
   <Dribbler_Enabled value="true"/>
  </Robot_1>
  <Robot_2>
   <Chipper_Enabled value="true"/>
   <Kicker_Enabled value="true"/>
   <Ball_Sense_Enabled value="true"/>
   <Dribbler_Enabled value="true"/>
  </Robot_2>
  <Robot_3>
   <Chipper_Enabled value="true"/>
   <Kicker_Enabled value="true"/>
   <Ball_Sense_Enabled value="true"/>
   <Dribbler_Enabled value="true"/>
  </Robot_3>
  <Robot_4>
   <Chipper_Enabled value="true"/>
   <Kicker_Enabled value="true"/>
   <Ball_Sense_Enabled value="true"/>
   <Dribbler_Enabled value="true"/>
  </Robot_4>
  <Robot_5>
   <Chipper_Enabled value="false"/>
   <Kicker_Enabled value="false"/>
   <Ball_Sense_Enabled value="true"/>
   <Dribbler_Enabled value="true"/>
  </Robot_5>
  <Robot_6>
   <Chipper_Enabled value="true"/>
   <Kicker_Enabled value="true"/>
   <Ball_Sense_Enabled value="true"/>
   <Dribbler_Enabled value="true"/>
  </Robot_6>
  <Robot_7>
   <Chipper_Enabled value="true"/>
   <Kicker_Enabled value="true"/>
   <Ball_Sense_Enabled value="true"/>
   <Dribbler_Enabled value="true"/>
  </Robot_7>
  <Robot_8>
   <Chipper_Enabled value="true"/>
   <Kicker_Enabled value="true"/>
   <Ball_Sense_Enabled value="true"/>
   <Dribbler_Enabled value="true"/>
  </Robot_8>
  <Robot_9>
   <Chipper_Enabled value="true"/>
   <Kicker_Enabled value="true"/>
   <Ball_Sense_Enabled value="true"/>
   <Dribbler_Enabled value="true"/>
  </Robot_9>
  <Robot_10>
   <Chipper_Enabled value="true"/>
   <Kicker_Enabled value="true"/>
   <Ball_Sense_Enabled value="true"/>
   <Dribbler_Enabled value="true"/>
  </Robot_10>
  <Robot_11>
   <Chipper_Enabled value="true"/>
   <Kicker_Enabled value="true"/>
   <Ball_Sense_Enabled value="true"/>
   <Dribbler_Enabled value="true"/>
  </Robot_11>
  <Robot_12>
   <Chipper_Enabled value="true"/>
   <Kicker_Enabled value="true"/>
   <Ball_Sense_Enabled value="true"/>
   <Dribbler_Enabled value="true"/>
  </Robot_12>
  <Robot_13>
   <Chipper_Enabled value="true"/>
   <Kicker_Enabled value="true"/>
   <Ball_Sense_Enabled value="true"/>
   <Dribbler_Enabled value="true"/>
  </Robot_13>
  <Robot_14>
   <Chipper_Enabled value="true"/>
   <Kicker_Enabled value="true"/>
   <Ball_Sense_Enabled value="true"/>
   <Dribbler_Enabled value="true"/>
  </Robot_14>
  <Robot_15>
   <Chipper_Enabled value="true"/>
   <Kicker_Enabled value="true"/>
   <Ball_Sense_Enabled value="true"/>
   <Dribbler_Enabled value="true"/>
  </Robot_15>
 </Robot_Statuses>
 <YankOpen>
  <Hystersis_Coeff value="0.5"/>
  <Support_Backoff_Dist value="1.5"/>
  <Mark_Hystersis_Coeff value="0.9"/>
  <Support_Avoid_Teammate_Dist value="0.5"/>
  <Support_Avoid_Shot value="0.2"/>
  <Offense_Support_Ratio value="0.7"/>
  <Defense_Support_Ratio value="0.9"/>
  <Use_Yank value="false"/>
 </YankOpen>
 <DynamicNavigationTC>
  <Opponent_Avoid_Radius value="0.5"/>
  <Goal_X value="0.7"/>
  <Goal_Y value="0.7"/>
  <Center_X value="0.15"/>
 </DynamicNavigationTC>
 <DemoLineAttack>
  <Enable_Chipping value="false"/>
  <Kicker_Power value="127"/>
 </DemoLineAttack>
 <EmptyGoal>
  <Scale_Speed value="0.5"/>
  <Scale_Accel value="0.5"/>
  <Scale_W value="0.3"/>
 </EmptyGoal>
 <OurCornerKick>
  <Chipper_Power value="127"/>
  <Window_Width value="1.5125"/>
  <Min_Chip_Range value="0.3"/>
  <Max_Chip_Range value="3"/>
 </OurCornerKick>
 <OurGoalKick>
  <Chipper_Power value="255"/>
  <Downfield_Range value="3.025"/>
  <Min_Chip_Range value="0.3"/>
  <Max_Chip_Range value="3"/>
 </OurGoalKick>
 <Kick>
  <Chip_Min_Range value="0.3"/>
  <Chip_Max_Range value="3.5"/>
  <Chip_Min_Power value="150"/>
  <Chip_Max_Power value="255"/>
 </Kick>
 <OurKickoff>
  <Kick_Power value="127"/>
  <Chip_Power value="100"/>
 </OurKickoff>
</config>
